Name,Type_1,Type_2,Total,HP,Attack,Defense,Speed,Generation,isLegendary,Color,hasGender,hasMegaEvolution,Height_m,Weight_kg
Bulbasaur,Grass,Poison,318,45,49,49,45,1,0,Green,1,0,0.71,6.9
Ivysaur,Grass,Poison,405,60,62,63,60,1,0,Green,1,0,0.99,13.0
Venusaur,Grass,Poison,525,80,82,83,80,1,0,Green,1,1,2.01,100.0
Charmander,Fire,,309,39,52,43,65,1,0,Red,1,0,0.61,8.5
Charmeleon,Fire,,405,58,64,58,80,1,0,Red,1,0,1.09,19.0
Charizard,Fire,Flying,534,78,84,78,100,1,0,Red,1,1,1.70,90.5
Squirtle,Water,,314,44,48,65,43,1,0,Blue,1,0,0.51,9.0
Wartortle,Water,,405,59,63,80,58,1,0,Blue,1,0,0.99,22.5
Blastoise,Water,,530,79,83,100,78,1,0,Blue,1,1,1.60,85.5
Caterpie,Bug,,195,45,30,35,45,1,0,Green,1,0,0.30,2.9
Metapod,Bug,,205,50,20,55,30,1,0,Green,1,0,0.71,9.9
Butterfree,Bug,Flying,395,60,45,50,70,1,0,White,1,0,1.09,32.0
Weedle,Bug,Poison,195,40,35,30,50,1,0,Brown,1,0,0.30,3.2
Kakuna,Bug,Poison,205,45,25,50,35,1,0,Yellow,1,0,0.61,10.0
Beedrill,Bug,Poison,395,65,90,40,75,1,0,Yellow,1,1,0.99,29.5
Pidgey,Normal,Flying,251,40,45,40,56,1,0,Brown,1,0,0.30,1.8
Pidgeotto,Normal,Flying,349,63,60,55,71,1,0,Brown,1,0,1.09,30.0
Pidgeot,Normal,Flying,479,83,80,75,101,1,0,Brown,1,1,1.50,39.5
Rattata,Normal,,253,30,56,35,72,1,0,Purple,1,0,0.30,3.5
Raticate,Normal,,413,55,81,60,97,1,0,Brown,1,0,0.71,18.5
Spearow,Normal,Flying,262,40,60,30,70,1,0,Brown,1,0,0.30,2.0
Fearow,Normal,Flying,442,65,90,65,100,1,0,Brown,1,0,1.19,38.0
Ekans,Poison,,288,35,60,44,55,1,0,Purple,1,0,2.01,6.9
Arbok,Poison,,438,60,85,69,80,1,0,Purple,1,0,3.51,65.0
Pikachu,Electric,,320,35,55,40,90,1,0,Yellow,1,0,0.41,6.0
Raichu,Electric,,485,60,90,55,110,1,0,Yellow,1,0,0.79,30.0
Sandshrew,Ground,,300,50,75,85,40,1,0,Yellow,1,0,0.61,12.0
Sandslash,Ground,,450,75,100,110,65,1,0,Yellow,1,0,0.99,29.5
Nidoran♀,Poison,,275,55,47,52,41,1,0,Blue,1,0,0.41,7.0
Nidorina,Poison,,365,70,62,67,56,1,0,Blue,1,0,0.79,20.0
Nidoqueen,Poison,Ground,505,90,92,87,76,1,0,Blue,1,0,1.30,60.0
Nidoran♂,Poison,,273,46,57,40,50,1,0,Purple,1,0,0.51,9.0
Nidorino,Poison,,365,61,72,57,65,1,0,Purple,1,0,0.89,19.5
Nidoking,Poison,Ground,505,81,102,77,85,1,0,Purple,1,0,1.40,62.0
Clefairy,Fairy,,323,70,45,48,35,1,0,Pink,1,0,0.61,7.5
Clefable,Fairy,,483,95,70,73,60,1,0,Pink,1,0,1.30,40.0
Vulpix,Fire,,299,38,41,40,65,1,0,Brown,1,0,0.61,9.9
Ninetales,Fire,,505,73,76,75,100,1,0,Yellow,1,0,1.09,19.9
Jigglypuff,Normal,Fairy,270,115,45,20,20,1,0,Pink,1,0,0.51,5.5
Wigglytuff,Normal,Fairy,435,140,70,45,45,1,0,Pink,1,0,0.99,12.0
Zubat,Poison,Flying,245,40,45,35,55,1,0,Purple,1,0,0.79,7.5
Golbat,Poison,Flying,455,75,80,70,90,1,0,Purple,1,0,1.60,55.0
Oddish,Grass,Poison,320,45,50,55,30,1,0,Blue,1,0,0.51,5.4
Gloom,Grass,Poison,395,60,65,70,40,1,0,Blue,1,0,0.79,8.6
Vileplume,Grass,Poison,490,75,80,85,50,1,0,Red,1,0,1.19,18.6
Paras,Bug,Grass,285,35,70,55,25,1,0,Red,1,0,0.30,5.4
Parasect,Bug,Grass,405,60,95,80,30,1,0,Red,1,0,0.99,29.5
Venonat,Bug,Poison,305,60,55,50,45,1,0,Purple,1,0,0.99,30.0
Venomoth,Bug,Poison,450,70,65,60,90,1,0,Purple,1,0,1.50,12.5
Diglett,Ground,,265,10,55,25,95,1,0,Brown,1,0,0.20,0.8
Dugtrio,Ground,,405,35,80,50,120,1,0,Brown,1,0,0.71,33.3
Meowth,Normal,,290,40,45,35,90,1,0,Yellow,1,0,0.41,4.2
Persian,Normal,,440,65,70,60,115,1,0,Yellow,1,0,0.99,32.0
Psyduck,Water,,320,50,52,48,55,1,0,Yellow,1,0,0.79,19.6
Golduck,Water,,500,80,82,78,85,1,0,Blue,1,0,1.70,76.6
Mankey,Fighting,,305,40,80,35,70,1,0,Brown,1,0,0.51,28.0
Primeape,Fighting,,455,65,105,60,95,1,0,Brown,1,0,0.99,32.0
Growlithe,Fire,,350,55,70,45,60,1,0,Brown,1,0,0.71,19.0
Arcanine,Fire,,555,90,110,80,95,1,0,Brown,1,0,1.91,155.0
Poliwag,Water,,300,40,50,40,90,1,0,Blue,1,0,0.61,12.4
Poliwhirl,Water,,385,65,65,65,90,1,0,Blue,1,0,0.99,20.0
Poliwrath,Water,Fighting,510,90,95,95,70,1,0,Blue,1,0,1.30,54.0
Abra,Psychic,,310,25,20,15,90,1,0,Brown,1,0,0.89,19.5
Kadabra,Psychic,,400,40,35,30,105,1,0,Brown,1,0,1.30,56.5
Alakazam,Psychic,,500,55,50,45,120,1,0,Brown,1,1,1.50,48.0
Machop,Fighting,,305,70,80,50,35,1,0,Grey,1,0,0.79,19.5
Machoke,Fighting,,405,80,100,70,45,1,0,Grey,1,0,1.50,70.5
Machamp,Fighting,,505,90,130,80,55,1,0,Grey,1,0,1.60,130.0
Bellsprout,Grass,Poison,300,50,75,35,40,1,0,Green,1,0,0.71,4.0
Weepinbell,Grass,Poison,390,65,90,50,55,1,0,Green,1,0,0.99,6.4
Victreebel,Grass,Poison,490,80,105,65,70,1,0,Green,1,0,1.70,15.5
Tentacool,Water,Poison,335,40,40,35,70,1,0,Blue,1,0,0.89,45.5
Tentacruel,Water,Poison,515,80,70,65,100,1,0,Blue,1,0,1.60,55.0
Geodude,Rock,Ground,300,40,80,100,20,1,0,Brown,1,0,0.41,20.0
Graveler,Rock,Ground,390,55,95,115,35,1,0,Brown,1,0,0.99,105.0
Golem,Rock,Ground,495,80,120,130,45,1,0,Brown,1,0,1.40,300.0
Ponyta,Fire,,410,50,85,55,90,1,0,Yellow,1,0,0.99,30.0
Rapidash,Fire,,500,65,100,70,105,1,0,Yellow,1,0,1.70,95.0
Slowpoke,Water,Psychic,315,90,65,65,15,1,0,Pink,1,0,1.19,36.0
Slowbro,Water,Psychic,490,95,75,110,30,1,0,Pink,1,1,1.60,78.5
Magnemite,Electric,Steel,325,25,35,70,45,1,0,Grey,0,0,0.30,6.0
Magneton,Electric,Steel,465,50,60,95,70,1,0,Grey,0,0,0.99,60.0
Farfetch'd,Normal,Flying,352,52,65,55,60,1,0,Brown,1,0,0.79,15.0
Doduo,Normal,Flying,310,35,85,45,75,1,0,Brown,1,0,1.40,39.2
Dodrio,Normal,Flying,460,60,110,70,100,1,0,Brown,1,0,1.80,85.2
Seel,Water,,325,65,45,55,45,1,0,White,1,0,1.09,90.0
Dewgong,Water,Ice,475,90,70,80,70,1,0,White,1,0,1.70,120.0
Grimer,Poison,,325,80,80,50,25,1,0,Purple,1,0,0.89,30.0
Muk,Poison,,500,105,105,75,50,1,0,Purple,1,0,1.19,30.0
Shellder,Water,,305,30,65,100,40,1,0,Purple,1,0,0.30,4.0
Cloyster,Water,Ice,525,50,95,180,70,1,0,Purple,1,0,1.50,132.5
Gastly,Ghost,Poison,310,30,35,30,80,1,0,Purple,1,0,1.30,0.1
Haunter,Ghost,Poison,405,45,50,45,95,1,0,Purple,1,0,1.60,0.1
Gengar,Ghost,Poison,500,60,65,60,110,1,0,Purple,1,1,1.50,40.5
Onix,Rock,Ground,385,35,45,160,70,1,0,Grey,1,0,8.79,210.0
Drowzee,Psychic,,328,60,48,45,42,1,0,Yellow,1,0,0.99,32.4
Hypno,Psychic,,483,85,73,70,67,1,0,Yellow,1,0,1.60,75.6
Krabby,Water,,325,30,105,90,50,1,0,Red,1,0,0.41,6.5
Kingler,Water,,475,55,130,115,75,1,0,Red,1,0,1.30,60.0
Voltorb,Electric,,330,40,30,50,100,1,0,Red,0,0,0.51,10.4
Electrode,Electric,,480,60,50,70,140,1,0,Red,0,0,1.19,66.6
Exeggcute,Grass,Psychic,325,60,40,80,40,1,0,Pink,1,0,0.41,2.5
Exeggutor,Grass,Psychic,520,95,95,85,55,1,0,Yellow,1,0,2.01,120.0
Cubone,Ground,,320,50,50,95,35,1,0,Brown,1,0,0.41,6.5
Marowak,Ground,,425,60,80,110,45,1,0,Brown,1,0,0.99,45.0
Hitmonlee,Fighting,,455,50,120,53,87,1,0,Brown,1,0,1.50,49.8
Hitmonchan,Fighting,,455,50,105,79,76,1,0,Brown,1,0,1.40,50.2
Lickitung,Normal,,385,90,55,75,30,1,0,Pink,1,0,1.19,65.5
Koffing,Poison,,340,40,65,95,35,1,0,Purple,1,0,0.61,1.0
Weezing,Poison,,490,65,90,120,60,1,0,Purple,1,0,1.19,9.5
Rhyhorn,Ground,Rock,345,80,85,95,25,1,0,Grey,1,0,0.99,115.0
Rhydon,Ground,Rock,485,105,130,120,40,1,0,Grey,1,0,1.91,120.0
Chansey,Normal,,450,250,5,5,50,1,0,Pink,1,0,1.09,34.6
Tangela,Grass,,435,65,55,115,60,1,0,Blue,1,0,0.99,35.0
Kangaskhan,Normal,,490,105,95,80,90,1,0,Brown,1,1,2.21,80.0
Horsea,Water,,295,30,40,70,60,1,0,Blue,1,0,0.41,8.0
Seadra,Water,,440,55,65,95,85,1,0,Blue,1,0,1.19,25.0
Goldeen,Water,,320,45,67,60,63,1,0,Red,1,0,0.61,15.0
Seaking,Water,,450,80,92,65,68,1,0,Red,1,0,1.30,39.0
Staryu,Water,,340,30,45,55,85,1,0,Brown,0,0,0.79,34.5
Starmie,Water,Psychic,520,60,75,85,115,1,0,Purple,0,0,1.09,80.0
Mr._Mime,Psychic,Fairy,460,40,45,65,90,1,0,Pink,1,0,1.30,54.5
Scyther,Bug,Flying,500,70,110,80,105,1,0,Green,1,0,1.50,56.0
Jynx,Ice,Psychic,455,65,50,35,95,1,0,Red,1,0,1.40,40.6
Electabuzz,Electric,,490,65,83,57,105,1,0,Yellow,1,0,1.09,30.0
Magmar,Fire,,495,65,95,57,93,1,0,Red,1,0,1.30,44.5
Pinsir,Bug,,500,65,125,100,85,1,0,Brown,1,1,1.50,55.0
Tauros,Normal,,490,75,100,95,110,1,0,Brown,1,0,1.40,88.4
Magikarp,Water,,200,20,10,55,80,1,0,Red,1,0,0.89,10.0
Gyarados,Water,Flying,540,95,125,79,81,1,0,Blue,1,1,6.50,235.0
Lapras,Water,Ice,535,130,85,80,60,1,0,Blue,1,0,2.49,220.0
Ditto,Normal,,288,48,48,48,48,1,0,Purple,0,0,0.30,4.0
Eevee,Normal,,325,55,55,50,55,1,0,Brown,1,0,0.30,6.5
Vaporeon,Water,,525,130,65,60,65,1,0,Blue,1,0,0.99,29.0
Jolteon,Electric,,525,65,65,60,130,1,0,Yellow,1,0,0.79,24.5
Flareon,Fire,,525,65,130,60,65,1,0,Red,1,0,0.89,25.0
Porygon,Normal,,395,65,60,70,40,1,0,Pink,0,0,0.79,36.5
Omanyte,Rock,Water,355,35,40,100,35,1,0,Blue,1,0,0.41,7.5
Omastar,Rock,Water,495,70,60,125,55,1,0,Blue,1,0,0.99,35.0
Kabuto,Rock,Water,355,30,80,90,55,1,0,Brown,1,0,0.51,11.5
Kabutops,Rock,Water,495,60,115,105,80,1,0,Brown,1,0,1.30,40.5
Aerodactyl,Rock,Flying,515,80,105,65,130,1,0,Purple,1,1,1.80,59.0
Snorlax,Normal,,540,160,110,65,30,1,0,Black,1,0,2.11,460.0
Articuno,Ice,Flying,580,90,85,100,85,1,1,Blue,0,0,1.70,55.4
Zapdos,Electric,Flying,580,90,90,85,100,1,1,Yellow,0,0,1.60,52.6
Moltres,Fire,Flying,580,90,100,90,90,1,1,Yellow,0,0,2.01,60.0
Dratini,Dragon,,300,41,64,45,50,1,0,Blue,1,0,1.80,3.3
Dragonair,Dragon,,420,61,84,65,70,1,0,Blue,1,0,3.99,16.5
Dragonite,Dragon,Flying,600,91,134,95,80,1,0,Brown,1,0,2.21,210.0
Mewtwo,Psychic,,680,106,110,90,130,1,1,Purple,0,1,2.01,122.0
Mew,Psychic,,600,100,100,100,100,1,0,Pink,0,0,0.41,4.0
Chikorita,Grass,,318,45,49,65,45,2,0,Green,1,0,0.89,6.4
Bayleef,Grass,,405,60,62,80,60,2,0,Green,1,0,1.19,15.8
Meganium,Grass,,525,80,82,100,80,2,0,Green,1,0,1.80,100.5
Cyndaquil,Fire,,309,39,52,43,65,2,0,Yellow,1,0,0.51,7.9
Quilava,Fire,,405,58,64,58,80,2,0,Yellow,1,0,0.89,19.0
Typhlosion,Fire,,534,78,84,78,100,2,0,Yellow,1,0,1.70,79.5
Totodile,Water,,314,50,65,64,43,2,0,Blue,1,0,0.61,9.5
Croconaw,Water,,405,65,80,80,58,2,0,Blue,1,0,1.09,25.0
Feraligatr,Water,,530,85,105,100,78,2,0,Blue,1,0,2.31,88.8
Sentret,Normal,,215,35,46,34,20,2,0,Brown,1,0,0.79,6.0
Furret,Normal,,415,85,76,64,90,2,0,Brown,1,0,1.80,32.5
Hoothoot,Normal,Flying,262,60,30,30,50,2,0,Brown,1,0,0.71,21.2
Noctowl,Normal,Flying,442,100,50,50,70,2,0,Brown,1,0,1.60,40.8
Ledyba,Bug,Flying,265,40,20,30,55,2,0,Red,1,0,0.99,10.8
Ledian,Bug,Flying,390,55,35,50,85,2,0,Red,1,0,1.40,35.6
Spinarak,Bug,Poison,250,40,60,40,30,2,0,Green,1,0,0.51,8.5
Ariados,Bug,Poison,390,70,90,70,40,2,0,Red,1,0,1.09,33.5
Crobat,Poison,Flying,535,85,90,80,130,2,0,Purple,1,0,1.80,75.0
Chinchou,Water,Electric,330,75,38,38,67,2,0,Blue,1,0,0.51,12.0
Lanturn,Water,Electric,460,125,58,58,67,2,0,Blue,1,0,1.19,22.5
Pichu,Electric,,205,20,40,15,60,2,0,Yellow,1,0,0.30,2.0
Cleffa,Fairy,,218,50,25,28,15,2,0,Pink,1,0,0.30,3.0
Igglybuff,Normal,Fairy,210,90,30,15,15,2,0,Pink,1,0,0.30,1.0
Togepi,Fairy,,245,35,20,65,20,2,0,White,1,0,0.30,1.5
Togetic,Fairy,Flying,405,55,40,85,40,2,0,White,1,0,0.61,3.2
Natu,Psychic,Flying,320,40,50,45,70,2,0,Green,1,0,0.20,2.0
Xatu,Psychic,Flying,470,65,75,70,95,2,0,Green,1,0,1.50,15.0
Mareep,Electric,,280,55,40,40,35,2,0,White,1,0,0.61,7.8
Flaaffy,Electric,,365,70,55,55,45,2,0,Pink,1,0,0.79,13.3
Ampharos,Electric,,510,90,75,85,55,2,0,Yellow,1,1,1.40,61.5
Bellossom,Grass,,490,75,80,95,50,2,0,Green,1,0,0.41,5.8
Marill,Water,Fairy,250,70,20,50,40,2,0,Blue,1,0,0.41,8.5
Azumarill,Water,Fairy,420,100,50,80,50,2,0,Blue,1,0,0.79,28.5
Sudowoodo,Rock,,410,70,100,115,30,2,0,Brown,1,0,1.19,38.0
Politoed,Water,,500,90,75,75,70,2,0,Green,1,0,1.09,33.9
Hoppip,Grass,Flying,250,35,35,40,50,2,0,Pink,1,0,0.41,0.5
Skiploom,Grass,Flying,340,55,45,50,80,2,0,Green,1,0,0.61,1.0
Jumpluff,Grass,Flying,460,75,55,70,110,2,0,Blue,1,0,0.79,3.0
Aipom,Normal,,360,55,70,55,85,2,0,Purple,1,0,0.79,11.5
Sunkern,Grass,,180,30,30,30,30,2,0,Yellow,1,0,0.30,1.8
Sunflora,Grass,,425,75,75,55,30,2,0,Yellow,1,0,0.79,8.5
Yanma,Bug,Flying,390,65,65,45,95,2,0,Red,1,0,1.19,38.0
Wooper,Water,Ground,210,55,45,45,15,2,0,Blue,1,0,0.41,8.5
Quagsire,Water,Ground,430,95,85,85,35,2,0,Blue,1,0,1.40,75.0
Espeon,Psychic,,525,65,65,60,110,2,0,Purple,1,0,0.89,26.5
Umbreon,Dark,,525,95,65,110,65,2,0,Black,1,0,0.99,27.0
Murkrow,Dark,Flying,405,60,85,42,91,2,0,Black,1,0,0.51,2.1
Slowking,Water,Psychic,490,95,75,80,30,2,0,Pink,1,0,2.01,79.5
Misdreavus,Ghost,,435,60,60,60,85,2,0,Purple,1,0,0.71,1.0
Unown,Psychic,,336,48,72,48,48,2,0,Black,0,0,0.51,5.0
Wobbuffet,Psychic,,405,190,33,58,33,2,0,Blue,1,0,1.30,28.5
Girafarig,Normal,Psychic,455,70,80,65,85,2,0,Yellow,1,0,1.50,41.5
Pineco,Bug,,290,50,65,90,15,2,0,Grey,1,0,0.61,7.2
Forretress,Bug,Steel,465,75,90,140,40,2,0,Purple,1,0,1.19,125.8
Dunsparce,Normal,,415,100,70,70,45,2,0,Yellow,1,0,1.50,14.0
Gligar,Ground,Flying,430,65,75,105,85,2,0,Purple,1,0,1.09,64.8
Steelix,Steel,Ground,510,75,85,200,30,2,0,Grey,1,1,9.19,400.0
Snubbull,Fairy,,300,60,80,50,30,2,0,Pink,1,0,0.61,7.8
Granbull,Fairy,,450,90,120,75,45,2,0,Purple,1,0,1.40,48.7
Qwilfish,Water,Poison,430,65,95,75,85,2,0,Grey,1,0,0.51,3.9
Scizor,Bug,Steel,500,70,130,100,65,2,0,Red,1,1,1.80,118.0
Shuckle,Bug,Rock,505,20,10,230,5,2,0,Yellow,1,0,0.61,20.5
Heracross,Bug,Fighting,500,80,125,75,85,2,0,Blue,1,1,1.50,54.0
Sneasel,Dark,Ice,430,55,95,55,115,2,0,Black,1,0,0.89,28.0
Teddiursa,Normal,,330,60,80,50,40,2,0,Brown,1,0,0.61,8.8
Ursaring,Normal,,500,90,130,75,55,2,0,Brown,1,0,1.80,125.8
Slugma,Fire,,250,40,40,40,20,2,0,Red,1,0,0.71,35.0
Magcargo,Fire,Rock,410,50,50,120,30,2,0,Red,1,0,0.79,55.0
Swinub,Ice,Ground,250,50,50,40,50,2,0,Brown,1,0,0.41,6.5
Piloswine,Ice,Ground,450,100,100,80,50,2,0,Brown,1,0,1.09,55.8
Corsola,Water,Rock,380,55,55,85,35,2,0,Pink,1,0,0.61,5.0
Remoraid,Water,,300,35,65,35,65,2,0,Grey,1,0,0.61,12.0
Octillery,Water,,480,75,105,75,45,2,0,Red,1,0,0.89,28.5
Delibird,Ice,Flying,330,45,55,45,75,2,0,Red,1,0,0.89,16.0
Mantine,Water,Flying,465,65,40,70,70,2,0,Purple,1,0,2.11,220.0
Skarmory,Steel,Flying,465,65,80,140,70,2,0,Grey,1,0,1.70,50.5
Houndour,Dark,Fire,330,45,60,30,65,2,0,Black,1,0,0.61,10.8
Houndoom,Dark,Fire,500,75,90,50,95,2,0,Black,1,1,1.40,35.0
Kingdra,Water,Dragon,540,75,95,95,85,2,0,Blue,1,0,1.80,152.0
Phanpy,Ground,,330,90,60,60,40,2,0,Blue,1,0,0.51,33.5
Donphan,Ground,,500,90,120,120,50,2,0,Grey,1,0,1.09,120.0
Porygon2,Normal,,515,85,80,90,60,2,0,Red,0,0,0.61,32.5
Stantler,Normal,,465,73,95,62,85,2,0,Brown,1,0,1.40,71.2
Smeargle,Normal,,250,55,20,35,75,2,0,White,1,0,1.19,58.0
Tyrogue,Fighting,,210,35,35,35,35,2,0,Purple,1,0,0.71,21.0
Hitmontop,Fighting,,455,50,95,95,70,2,0,Brown,1,0,1.40,48.0
Smoochum,Ice,Psychic,305,45,30,15,65,2,0,Pink,1,0,0.41,6.0
Elekid,Electric,,360,45,63,37,95,2,0,Yellow,1,0,0.61,23.5
Magby,Fire,,365,45,75,37,83,2,0,Red,1,0,0.71,21.4
Miltank,Normal,,490,95,80,105,100,2,0,Pink,1,0,1.19,75.5
Blissey,Normal,,540,255,10,10,55,2,0,Pink,1,0,1.50,46.8
Raikou,Electric,,580,90,85,75,115,2,1,Yellow,0,0,1.91,178.0
Entei,Fire,,580,115,115,85,100,2,1,Brown,0,0,2.11,198.0
Suicune,Water,,580,100,75,115,85,2,1,Blue,0,0,2.01,187.0
Larvitar,Rock,Ground,300,50,64,50,41,2,0,Green,1,0,0.61,72.0
Pupitar,Rock,Ground,410,70,84,70,51,2,0,Grey,1,0,1.19,152.0
Tyranitar,Rock,Dark,600,100,134,110,61,2,0,Green,1,1,2.01,202.0
Lugia,Psychic,Flying,680,106,90,130,110,2,1,White,0,0,5.21,216.0
Ho-Oh,Fire,Flying,680,106,130,90,90,2,1,Red,0,0,3.81,199.0
Celebi,Psychic,Grass,600,100,100,100,100,2,0,Green,0,0,0.61,5.0
Treecko,Grass,,310,40,45,35,70,3,0,Green,1,0,0.51,5.0
Grovyle,Grass,,405,50,65,45,95,3,0,Green,1,0,0.89,21.6
Sceptile,Grass,,530,70,85,65,120,3,0,Green,1,1,1.70,52.2
Torchic,Fire,,310,45,60,40,45,3,0,Red,1,0,0.41,2.5
Combusken,Fire,Fighting,405,60,85,60,55,3,0,Red,1,0,0.89,19.5
Blaziken,Fire,Fighting,530,80,120,70,80,3,0,Red,1,1,1.91,52.0
Mudkip,Water,,310,50,70,50,40,3,0,Blue,1,0,0.41,7.6
Marshtomp,Water,Ground,405,70,85,70,50,3,0,Blue,1,0,0.71,28.0
Swampert,Water,Ground,535,100,110,90,60,3,0,Blue,1,1,1.50,81.9
Poochyena,Dark,,220,35,55,35,35,3,0,Grey,1,0,0.51,13.6
Mightyena,Dark,,420,70,90,70,70,3,0,Grey,1,0,0.99,37.0
Zigzagoon,Normal,,240,38,30,41,60,3,0,Brown,1,0,0.41,17.5
Linoone,Normal,,420,78,70,61,100,3,0,White,1,0,0.51,32.5
Wurmple,Bug,,195,45,45,35,20,3,0,Red,1,0,0.30,3.6
Silcoon,Bug,,205,50,35,55,15,3,0,White,1,0,0.61,10.0
Beautifly,Bug,Flying,395,60,70,50,65,3,0,Yellow,1,0,0.99,28.4
Cascoon,Bug,,205,50,35,55,15,3,0,Purple,1,0,0.71,11.5
Dustox,Bug,Poison,385,60,50,70,65,3,0,Green,1,0,1.19,31.6
Lotad,Water,Grass,220,40,30,30,30,3,0,Green,1,0,0.51,2.6
Lombre,Water,Grass,340,60,50,50,50,3,0,Green,1,0,1.19,32.5
Ludicolo,Water,Grass,480,80,70,70,70,3,0,Green,1,0,1.50,55.0
Seedot,Grass,,220,40,40,50,30,3,0,Brown,1,0,0.51,4.0
Nuzleaf,Grass,Dark,340,70,70,40,60,3,0,Brown,1,0,0.99,28.0
Shiftry,Grass,Dark,480,90,100,60,80,3,0,Brown,1,0,1.30,59.6
Taillow,Normal,Flying,270,40,55,30,85,3,0,Blue,1,0,0.30,2.3
Swellow,Normal,Flying,430,60,85,60,125,3,0,Blue,1,0,0.71,19.8
Wingull,Water,Flying,270,40,30,30,85,3,0,White,1,0,0.61,9.5
Pelipper,Water,Flying,430,60,50,100,65,3,0,Yellow,1,0,1.19,28.0
Ralts,Psychic,Fairy,198,28,25,25,40,3,0,White,1,0,0.41,6.6
Kirlia,Psychic,Fairy,278,38,35,35,50,3,0,White,1,0,0.79,20.2
Gardevoir,Psychic,Fairy,518,68,65,65,80,3,0,White,1,1,1.60,48.4
Surskit,Bug,Water,269,40,30,32,65,3,0,Blue,1,0,0.51,1.7
Masquerain,Bug,Flying,414,70,60,62,60,3,0,Blue,1,0,0.79,3.6
Shroomish,Grass,,295,60,40,60,35,3,0,Brown,1,0,0.41,4.5
Breloom,Grass,Fighting,460,60,130,80,70,3,0,Green,1,0,1.19,39.2
Slakoth,Normal,,280,60,60,60,30,3,0,Brown,1,0,0.79,24.0
Vigoroth,Normal,,440,80,80,80,90,3,0,White,1,0,1.40,46.5
Slaking,Normal,,670,150,160,100,100,3,0,Brown,1,0,2.01,130.5
Nincada,Bug,Ground,266,31,45,90,40,3,0,Grey,1,0,0.51,5.5
Ninjask,Bug,Flying,456,61,90,45,160,3,0,Yellow,1,0,0.79,12.0
Shedinja,Bug,Ghost,236,1,90,45,40,3,0,Brown,0,0,0.79,1.2
Whismur,Normal,,240,64,51,23,28,3,0,Pink,1,0,0.61,16.3
Loudred,Normal,,360,84,71,43,48,3,0,Blue,1,0,0.99,40.5
Exploud,Normal,,490,104,91,63,68,3,0,Blue,1,0,1.50,84.0
Makuhita,Fighting,,237,72,60,30,25,3,0,Yellow,1,0,0.99,86.4
Hariyama,Fighting,,474,144,120,60,50,3,0,Brown,1,0,2.31,253.8
Azurill,Normal,Fairy,190,50,20,40,20,3,0,Blue,1,0,0.20,2.0
Nosepass,Rock,,375,30,45,135,30,3,0,Grey,1,0,0.99,97.0
Skitty,Normal,,260,50,45,45,50,3,0,Pink,1,0,0.61,11.0
Delcatty,Normal,,380,70,65,65,70,3,0,Purple,1,0,1.09,32.6
Sableye,Dark,Ghost,380,50,75,75,50,3,0,Purple,1,1,0.51,11.0
Mawile,Steel,Fairy,380,50,85,85,50,3,0,Black,1,1,0.61,11.5
Aron,Steel,Rock,330,50,70,100,30,3,0,Grey,1,0,0.41,60.0
Lairon,Steel,Rock,430,60,90,140,40,3,0,Grey,1,0,0.89,120.0
Aggron,Steel,Rock,530,70,110,180,50,3,0,Grey,1,1,2.11,360.0
Meditite,Fighting,Psychic,280,30,40,55,60,3,0,Blue,1,0,0.61,11.2
Medicham,Fighting,Psychic,410,60,60,75,80,3,0,Red,1,1,1.30,31.5
Electrike,Electric,,295,40,45,40,65,3,0,Green,1,0,0.61,15.2
Manectric,Electric,,475,70,75,60,105,3,0,Yellow,1,1,1.50,40.2
Plusle,Electric,,405,60,50,40,95,3,0,Yellow,1,0,0.41,4.2
Minun,Electric,,405,60,40,50,95,3,0,Yellow,1,0,0.41,4.2
Volbeat,Bug,,400,65,73,55,85,3,0,Grey,1,0,0.71,17.7
Illumise,Bug,,400,65,47,55,85,3,0,Purple,1,0,0.61,17.7
Roselia,Grass,Poison,400,50,60,45,65,3,0,Green,1,0,0.30,2.0
Gulpin,Poison,,302,70,43,53,40,3,0,Green,1,0,0.41,10.3
Swalot,Poison,,467,100,73,83,55,3,0,Purple,1,0,1.70,80.0
Carvanha,Water,Dark,305,45,90,20,65,3,0,Red,1,0,0.79,20.8
Sharpedo,Water,Dark,460,70,120,40,95,3,0,Blue,1,1,1.80,88.8
Wailmer,Water,,400,130,70,35,60,3,0,Blue,1,0,2.01,130.0
Wailord,Water,,500,170,90,45,60,3,0,Blue,1,0,14.50,398.0
Numel,Fire,Ground,305,60,60,40,35,3,0,Yellow,1,0,0.71,24.0
Camerupt,Fire,Ground,460,70,100,70,40,3,0,Red,1,1,1.91,220.0
Torkoal,Fire,,470,70,85,140,20,3,0,Brown,1,0,0.51,80.4
Spoink,Psychic,,330,60,25,35,60,3,0,Black,1,0,0.71,30.6
Grumpig,Psychic,,470,80,45,65,80,3,0,Purple,1,0,0.89,71.5
Spinda,Normal,,360,60,60,60,60,3,0,Brown,1,0,1.09,5.0
Trapinch,Ground,,290,45,100,45,10,3,0,Brown,1,0,0.71,15.0
Vibrava,Ground,Dragon,340,50,70,50,70,3,0,Green,1,0,1.09,15.3
Flygon,Ground,Dragon,520,80,100,80,100,3,0,Green,1,0,2.01,82.0
Cacnea,Grass,,335,50,85,40,35,3,0,Green,1,0,0.41,51.3
Cacturne,Grass,Dark,475,70,115,60,55,3,0,Green,1,0,1.30,77.4
Swablu,Normal,Flying,310,45,40,60,50,3,0,Blue,1,0,0.41,1.2
Altaria,Dragon,Flying,490,75,70,90,80,3,0,Blue,1,1,1.09,20.6
Zangoose,Normal,,458,73,115,60,90,3,0,White,1,0,1.30,40.3
Seviper,Poison,,458,73,100,60,65,3,0,Black,1,0,2.69,52.5
Lunatone,Rock,Psychic,440,70,55,65,70,3,0,Yellow,0,0,0.99,168.0
Solrock,Rock,Psychic,440,70,95,85,70,3,0,Red,0,0,1.19,154.0
Barboach,Water,Ground,288,50,48,43,60,3,0,Grey,1,0,0.41,1.9
Whiscash,Water,Ground,468,110,78,73,60,3,0,Blue,1,0,0.89,23.6
Corphish,Water,,308,43,80,65,35,3,0,Red,1,0,0.61,11.5
Crawdaunt,Water,Dark,468,63,120,85,55,3,0,Red,1,0,1.09,32.8
Baltoy,Ground,Psychic,300,40,40,55,55,3,0,Brown,0,0,0.51,21.5
Claydol,Ground,Psychic,500,60,70,105,75,3,0,Black,0,0,1.50,108.0
Lileep,Rock,Grass,355,66,41,77,23,3,0,Purple,1,0,0.99,23.8
Cradily,Rock,Grass,495,86,81,97,43,3,0,Green,1,0,1.50,60.4
Anorith,Rock,Bug,355,45,95,50,75,3,0,Grey,1,0,0.71,12.5
Armaldo,Rock,Bug,495,75,125,100,45,3,0,Grey,1,0,1.50,68.2
Feebas,Water,,200,20,15,20,80,3,0,Brown,1,0,0.61,7.4
Milotic,Water,,540,95,60,79,81,3,0,Pink,1,0,6.20,162.0
Castform,Normal,,420,70,70,70,70,3,0,White,1,0,0.30,0.8
Kecleon,Normal,,440,60,90,70,40,3,0,Green,1,0,0.99,22.0
Shuppet,Ghost,,295,44,75,35,45,3,0,Black,1,0,0.61,2.3
Banette,Ghost,,455,64,115,65,65,3,0,Black,1,1,1.09,12.5
Duskull,Ghost,,295,20,40,90,25,3,0,Black,1,0,0.79,15.0
Dusclops,Ghost,,455,40,70,130,25,3,0,Black,1,0,1.60,30.6
Tropius,Grass,Flying,460,99,68,83,51,3,0,Green,1,0,2.01,100.0
Chimecho,Psychic,,425,65,50,70,65,3,0,Blue,1,0,0.61,1.0
Absol,Dark,,465,65,130,60,75,3,0,White,1,1,1.19,47.0
Wynaut,Psychic,,260,95,23,48,23,3,0,Blue,1,0,0.61,14.0
Snorunt,Ice,,300,50,50,50,50,3,0,Grey,1,0,0.71,16.8
Glalie,Ice,,480,80,80,80,80,3,0,Grey,1,1,1.50,256.5
Spheal,Ice,Water,290,70,40,50,25,3,0,Blue,1,0,0.79,39.5
Sealeo,Ice,Water,410,90,60,70,45,3,0,Blue,1,0,1.09,87.6
Walrein,Ice,Water,530,110,80,90,65,3,0,Blue,1,0,1.40,150.6
Clamperl,Water,,345,35,64,85,32,3,0,Blue,1,0,0.41,52.5
Huntail,Water,,485,55,104,105,52,3,0,Blue,1,0,1.70,27.0
Gorebyss,Water,,485,55,84,105,52,3,0,Pink,1,0,1.80,22.6
Relicanth,Water,Rock,485,100,90,130,55,3,0,Grey,1,0,0.99,23.4
Luvdisc,Water,,330,43,30,55,97,3,0,Pink,1,0,0.61,8.7
Bagon,Dragon,,300,45,75,60,50,3,0,Blue,1,0,0.61,42.1
Shelgon,Dragon,,420,65,95,100,50,3,0,White,1,0,1.09,110.5
Salamence,Dragon,Flying,600,95,135,80,100,3,0,Blue,1,1,1.50,102.6
Beldum,Steel,Psychic,300,40,55,80,30,3,0,Blue,0,0,0.61,95.2
Metang,Steel,Psychic,420,60,75,100,50,3,0,Blue,0,0,1.19,202.5
Metagross,Steel,Psychic,600,80,135,130,70,3,0,Blue,0,1,1.60,550.0
Regirock,Rock,,580,80,100,200,50,3,1,Brown,0,0,1.70,230.0
Regice,Ice,,580,80,50,100,50,3,1,Blue,0,0,1.80,175.0
Registeel,Steel,,580,80,75,150,50,3,1,Grey,0,0,1.91,205.0
Latias,Dragon,Psychic,600,80,80,90,110,3,1,Red,1,1,1.40,40.0
Latios,Dragon,Psychic,600,80,90,80,110,3,1,Blue,1,1,2.01,60.0
Kyogre,Water,,670,100,100,90,90,3,1,Blue,0,0,4.50,352.0
Groudon,Ground,,670,100,150,140,90,3,1,Red,0,0,3.51,950.0
Rayquaza,Dragon,Flying,680,105,150,90,95,3,1,Green,0,1,7.01,206.5
Jirachi,Steel,Psychic,600,100,100,100,100,3,1,Yellow,0,0,0.30,1.1
Deoxys,Psychic,,600,50,150,50,150,3,1,Red,0,0,1.70,60.8
Turtwig,Grass,,318,55,68,64,31,4,0,Green,1,0,0.41,10.2
Grotle,Grass,,405,75,89,85,36,4,0,Green,1,0,1.09,97.0
Torterra,Grass,Ground,525,95,109,105,56,4,0,Green,1,0,2.21,310.0
Chimchar,Fire,,309,44,58,44,61,4,0,Brown,1,0,0.51,6.2
Monferno,Fire,Fighting,405,64,78,52,81,4,0,Brown,1,0,0.89,22.0
Infernape,Fire,Fighting,534,76,104,71,108,4,0,Brown,1,0,1.19,55.0
Piplup,Water,,314,53,51,53,40,4,0,Blue,1,0,0.41,5.2
Prinplup,Water,,405,64,66,68,50,4,0,Blue,1,0,0.79,23.0
Empoleon,Water,Steel,530,84,86,88,60,4,0,Blue,1,0,1.70,84.5
Starly,Normal,Flying,245,40,55,30,60,4,0,Brown,1,0,0.30,2.0
Staravia,Normal,Flying,340,55,75,50,80,4,0,Brown,1,0,0.61,15.5
Staraptor,Normal,Flying,485,85,120,70,100,4,0,Brown,1,0,1.19,24.9
Bidoof,Normal,,250,59,45,40,31,4,0,Brown,1,0,0.51,20.0
Bibarel,Normal,Water,410,79,85,60,71,4,0,Brown,1,0,0.99,31.5
Kricketot,Bug,,194,37,25,41,25,4,0,Red,1,0,0.30,2.2
Kricketune,Bug,,384,77,85,51,65,4,0,Red,1,0,0.99,25.5
Shinx,Electric,,263,45,65,34,45,4,0,Blue,1,0,0.51,9.5
Luxio,Electric,,363,60,85,49,60,4,0,Blue,1,0,0.89,30.5
Luxray,Electric,,523,80,120,79,70,4,0,Blue,1,0,1.40,42.0
Budew,Grass,Poison,280,40,30,35,55,4,0,Green,1,0,0.20,1.2
Roserade,Grass,Poison,515,60,70,65,90,4,0,Green,1,0,0.89,14.5
Cranidos,Rock,,350,67,125,40,58,4,0,Blue,1,0,0.89,31.5
Rampardos,Rock,,495,97,165,60,58,4,0,Blue,1,0,1.60,102.5
Shieldon,Rock,Steel,350,30,42,118,30,4,0,Grey,1,0,0.51,57.0
Bastiodon,Rock,Steel,495,60,52,168,30,4,0,Grey,1,0,1.30,149.5
Burmy,Bug,,224,40,29,45,36,4,0,Grey,1,0,0.20,3.4
Wormadam,Bug,Grass,424,60,59,85,36,4,0,Grey,1,0,0.51,6.5
Mothim,Bug,Flying,424,70,94,50,66,4,0,Yellow,1,0,0.89,23.3
Combee,Bug,Flying,244,30,30,42,70,4,0,Yellow,1,0,0.30,5.5
Vespiquen,Bug,Flying,474,70,80,102,40,4,0,Yellow,1,0,1.19,38.5
Pachirisu,Electric,,405,60,45,70,95,4,0,White,1,0,0.41,3.9
Buizel,Water,,330,55,65,35,85,4,0,Brown,1,0,0.71,29.5
Floatzel,Water,,495,85,105,55,115,4,0,Brown,1,0,1.09,33.5
Cherubi,Grass,,275,45,35,45,35,4,0,Pink,1,0,0.41,3.3
Cherrim,Grass,,450,70,60,70,85,4,0,Pink,1,0,0.51,9.3
Shellos,Water,,325,76,48,48,34,4,0,Purple,1,0,0.30,6.3
Gastrodon,Water,Ground,475,111,83,68,39,4,0,Purple,1,0,0.89,29.9
Ambipom,Normal,,482,75,100,66,115,4,0,Purple,1,0,1.19,20.3
Drifloon,Ghost,Flying,348,90,50,34,70,4,0,Purple,1,0,0.41,1.2
Drifblim,Ghost,Flying,498,150,80,44,80,4,0,Purple,1,0,1.19,15.0
Buneary,Normal,,350,55,66,44,85,4,0,Brown,1,0,0.41,5.5
Lopunny,Normal,,480,65,76,84,105,4,0,Brown,1,1,1.19,33.3
Mismagius,Ghost,,495,60,60,60,105,4,0,Purple,1,0,0.89,4.4
Honchkrow,Dark,Flying,505,100,125,52,71,4,0,Black,1,0,0.89,27.3
Glameow,Normal,,310,49,55,42,85,4,0,Grey,1,0,0.51,3.9
Purugly,Normal,,452,71,82,64,112,4,0,Grey,1,0,0.99,43.8
Chingling,Psychic,,285,45,30,50,45,4,0,Yellow,1,0,0.20,0.6
Stunky,Poison,Dark,329,63,63,47,74,4,0,Purple,1,0,0.41,19.2
Skuntank,Poison,Dark,479,103,93,67,84,4,0,Purple,1,0,0.99,38.0
Bronzor,Steel,Psychic,300,57,24,86,23,4,0,Green,0,0,0.51,60.5
Bronzong,Steel,Psychic,500,67,89,116,33,4,0,Green,0,0,1.30,187.0
Bonsly,Rock,,290,50,80,95,10,4,0,Brown,1,0,0.51,15.0
Mime_Jr.,Psychic,Fairy,310,20,25,45,60,4,0,Pink,1,0,0.61,13.0
Happiny,Normal,,220,100,5,5,30,4,0,Pink,1,0,0.61,24.4
Chatot,Normal,Flying,411,76,65,45,91,4,0,Black,1,0,0.51,1.9
Spiritomb,Ghost,Dark,485,50,92,108,35,4,0,Purple,1,0,0.99,108.0
Gible,Dragon,Ground,300,58,70,45,42,4,0,Blue,1,0,0.71,20.5
Gabite,Dragon,Ground,410,68,90,65,82,4,0,Blue,1,0,1.40,56.0
Garchomp,Dragon,Ground,600,108,130,95,102,4,0,Blue,1,1,1.91,95.0
Munchlax,Normal,,390,135,85,40,5,4,0,Black,1,0,0.61,105.0
Riolu,Fighting,,285,40,70,40,60,4,0,Blue,1,0,0.71,20.2
Lucario,Fighting,Steel,525,70,110,70,90,4,0,Blue,1,1,1.19,54.0
Hippopotas,Ground,,330,68,72,78,32,4,0,Brown,1,0,0.79,49.5
Hippowdon,Ground,,525,108,112,118,47,4,0,Brown,1,0,2.01,300.0
Skorupi,Poison,Bug,330,40,50,90,65,4,0,Purple,1,0,0.79,12.0
Drapion,Poison,Dark,500,70,90,110,95,4,0,Purple,1,0,1.30,61.5
Croagunk,Poison,Fighting,300,48,61,40,50,4,0,Blue,1,0,0.71,23.0
Toxicroak,Poison,Fighting,490,83,106,65,85,4,0,Blue,1,0,1.30,44.4
Carnivine,Grass,,454,74,100,72,46,4,0,Green,1,0,1.40,27.0
Finneon,Water,,330,49,49,56,66,4,0,Blue,1,0,0.41,7.0
Lumineon,Water,,460,69,69,76,91,4,0,Blue,1,0,1.19,24.0
Mantyke,Water,Flying,345,45,20,50,50,4,0,Blue,1,0,0.99,65.0
Snover,Grass,Ice,334,60,62,50,40,4,0,White,1,0,0.99,50.5
Abomasnow,Grass,Ice,494,90,92,75,60,4,0,White,1,1,2.21,135.5
Weavile,Dark,Ice,510,70,120,65,125,4,0,Black,1,0,1.09,34.0
Magnezone,Electric,Steel,535,70,70,115,60,4,0,Grey,0,0,1.19,180.0
Lickilicky,Normal,,515,110,85,95,50,4,0,Pink,1,0,1.70,140.0
Rhyperior,Ground,Rock,535,115,140,130,40,4,0,Grey,1,0,2.39,282.8
Tangrowth,Grass,,535,100,100,125,50,4,0,Blue,1,0,2.01,128.6
Electivire,Electric,,540,75,123,67,95,4,0,Yellow,1,0,1.80,138.6
Magmortar,Fire,,540,75,95,67,83,4,0,Red,1,0,1.60,68.0
Togekiss,Fairy,Flying,545,85,50,95,80,4,0,White,1,0,1.50,38.0
Yanmega,Bug,Flying,515,86,76,86,95,4,0,Green,1,0,1.91,51.5
Leafeon,Grass,,525,65,110,130,95,4,0,Green,1,0,0.99,25.5
Glaceon,Ice,,525,65,60,110,65,4,0,Blue,1,0,0.79,25.9
Gliscor,Ground,Flying,510,75,95,125,95,4,0,Purple,1,0,2.01,42.5
Mamoswine,Ice,Ground,530,110,130,80,80,4,0,Brown,1,0,2.49,291.0
Porygon-Z,Normal,,535,85,80,70,90,4,0,Red,0,0,0.89,34.0
Gallade,Psychic,Fighting,518,68,125,65,80,4,0,White,1,1,1.60,52.0
Probopass,Rock,Steel,525,60,55,145,40,4,0,Grey,1,0,1.40,340.0
Dusknoir,Ghost,,525,45,100,135,45,4,0,Black,1,0,2.21,106.6
Froslass,Ice,Ghost,480,70,80,70,110,4,0,White,1,0,1.30,26.6
Rotom,Electric,Ghost,440,50,50,77,91,4,0,Red,0,0,0.30,0.3
Uxie,Psychic,,580,75,75,130,95,4,1,Yellow,0,0,0.30,0.3
Mesprit,Psychic,,580,80,105,105,80,4,1,Pink,0,0,0.30,0.3
Azelf,Psychic,,580,75,125,70,115,4,1,Blue,0,0,0.30,0.3
Dialga,Steel,Dragon,680,100,120,120,90,4,1,White,0,0,5.41,683.0
Palkia,Water,Dragon,680,90,120,100,100,4,1,Purple,0,0,4.19,336.0
Heatran,Fire,Steel,600,91,90,106,77,4,1,Brown,1,0,1.70,430.0
Regigigas,Normal,,670,110,160,110,100,4,1,White,0,0,3.71,420.0
Giratina,Ghost,Dragon,680,150,120,100,90,4,1,Black,0,0,6.91,650.0
Cresselia,Psychic,,600,120,70,120,85,4,0,Yellow,1,0,1.50,85.6
Phione,Water,,480,80,80,80,80,4,0,Blue,0,0,0.41,3.1
Manaphy,Water,,600,100,100,100,100,4,0,Blue,0,0,0.30,1.4
Darkrai,Dark,,600,70,90,90,125,4,1,Black,0,0,1.50,50.5
Shaymin,Grass,,600,100,100,100,100,4,1,Green,0,0,0.20,2.1
Arceus,Normal,,720,120,120,120,120,4,1,Grey,0,0,3.20,320.0
Victini,Psychic,Fire,600,100,100,100,100,5,1,Yellow,0,0,0.41,4.0
Snivy,Grass,,308,45,45,55,63,5,0,Green,1,0,0.61,8.1
Servine,Grass,,413,60,60,75,83,5,0,Green,1,0,0.79,16.0
Serperior,Grass,,528,75,75,95,113,5,0,Green,1,0,3.30,63.0
Tepig,Fire,,308,65,63,45,45,5,0,Red,1,0,0.51,9.9
Pignite,Fire,Fighting,418,90,93,55,55,5,0,Red,1,0,0.99,55.5
Emboar,Fire,Fighting,528,110,123,65,65,5,0,Red,1,0,1.60,150.0
Oshawott,Water,,308,55,55,45,45,5,0,Blue,1,0,0.51,5.9
Dewott,Water,,413,75,75,60,60,5,0,Blue,1,0,0.79,24.5
Samurott,Water,,528,95,100,85,70,5,0,Blue,1,0,1.50,94.6
Patrat,Normal,,255,45,55,39,42,5,0,Brown,1,0,0.51,11.6
Watchog,Normal,,420,60,85,69,77,5,0,Brown,1,0,1.09,27.0
Lillipup,Normal,,275,45,60,45,55,5,0,Brown,1,0,0.41,4.1
Herdier,Normal,,370,65,80,65,60,5,0,Grey,1,0,0.89,14.7
Stoutland,Normal,,500,85,110,90,80,5,0,Grey,1,0,1.19,61.0
Purrloin,Dark,,281,41,50,37,66,5,0,Purple,1,0,0.41,10.1
Liepard,Dark,,446,64,88,50,106,5,0,Purple,1,0,1.09,37.5
Pansage,Grass,,316,50,53,48,64,5,0,Green,1,0,0.61,10.5
Simisage,Grass,,498,75,98,63,101,5,0,Green,1,0,1.09,30.5
Pansear,Fire,,316,50,53,48,64,5,0,Red,1,0,0.61,11.0
Simisear,Fire,,498,75,98,63,101,5,0,Red,1,0,0.99,28.0
Panpour,Water,,316,50,53,48,64,5,0,Blue,1,0,0.61,13.5
Simipour,Water,,498,75,98,63,101,5,0,Blue,1,0,0.99,29.0
Munna,Psychic,,292,76,25,45,24,5,0,Pink,1,0,0.61,23.3
Musharna,Psychic,,487,116,55,85,29,5,0,Pink,1,0,1.09,60.5
Pidove,Normal,Flying,264,50,55,50,43,5,0,Grey,1,0,0.30,2.1
Tranquill,Normal,Flying,358,62,77,62,65,5,0,Grey,1,0,0.61,15.0
Unfezant,Normal,Flying,488,80,115,80,93,5,0,Grey,1,0,1.19,29.0
Blitzle,Electric,,295,45,60,32,76,5,0,Black,1,0,0.79,29.8
Zebstrika,Electric,,497,75,100,63,116,5,0,Black,1,0,1.60,79.5
Roggenrola,Rock,,280,55,75,85,15,5,0,Blue,1,0,0.41,18.0
Boldore,Rock,,390,70,105,105,20,5,0,Blue,1,0,0.89,102.0
Gigalith,Rock,,515,85,135,130,25,5,0,Blue,1,0,1.70,260.0
Woobat,Psychic,Flying,313,55,45,43,72,5,0,Blue,1,0,0.41,2.1
Swoobat,Psychic,Flying,425,67,57,55,114,5,0,Blue,1,0,0.89,10.5
Drilbur,Ground,,328,60,85,40,68,5,0,Grey,1,0,0.30,8.5
Excadrill,Ground,Steel,508,110,135,60,88,5,0,Grey,1,0,0.71,40.4
Audino,Normal,,445,103,60,86,50,5,0,Pink,1,1,1.09,31.0
Timburr,Fighting,,305,75,80,55,35,5,0,Grey,1,0,0.61,12.5
Gurdurr,Fighting,,405,85,105,85,40,5,0,Grey,1,0,1.19,40.0
Conkeldurr,Fighting,,505,105,140,95,45,5,0,Grey,1,0,1.40,87.0
Tympole,Water,,294,50,50,40,64,5,0,Blue,1,0,0.51,4.5
Palpitoad,Water,Ground,384,75,65,55,69,5,0,Blue,1,0,0.79,17.0
Seismitoad,Water,Ground,509,105,95,75,74,5,0,Blue,1,0,1.50,62.0
Throh,Fighting,,465,120,100,85,45,5,0,Red,1,0,1.30,55.5
Sawk,Fighting,,465,75,125,75,85,5,0,Blue,1,0,1.40,51.0
Sewaddle,Bug,Grass,310,45,53,70,42,5,0,Yellow,1,0,0.30,2.5
Swadloon,Bug,Grass,380,55,63,90,42,5,0,Green,1,0,0.51,7.3
Leavanny,Bug,Grass,500,75,103,80,92,5,0,Yellow,1,0,1.19,20.5
Venipede,Bug,Poison,260,30,45,59,57,5,0,Red,1,0,0.41,5.3
Whirlipede,Bug,Poison,360,40,55,99,47,5,0,Grey,1,0,1.19,58.5
Scolipede,Bug,Poison,485,60,100,89,112,5,0,Red,1,0,2.49,200.5
Cottonee,Grass,Fairy,280,40,27,60,66,5,0,Green,1,0,0.30,0.6
Whimsicott,Grass,Fairy,480,60,67,85,116,5,0,Green,1,0,0.71,6.6
Petilil,Grass,,280,45,35,50,30,5,0,Green,1,0,0.51,6.6
Lilligant,Grass,,480,70,60,75,90,5,0,Green,1,0,1.09,16.3
Basculin,Water,,460,70,92,65,98,5,0,Green,1,0,0.99,18.0
Sandile,Ground,Dark,292,50,72,35,65,5,0,Brown,1,0,0.71,15.2
Krokorok,Ground,Dark,351,60,82,45,74,5,0,Brown,1,0,0.99,33.4
Krookodile,Ground,Dark,519,95,117,80,92,5,0,Red,1,0,1.50,96.3
Darumaka,Fire,,315,70,90,45,50,5,0,Red,1,0,0.61,37.5
Darmanitan,Fire,,480,105,140,55,95,5,0,Red,1,0,1.30,92.9
Maractus,Grass,,461,75,86,67,60,5,0,Green,1,0,0.99,28.0
Dwebble,Bug,Rock,325,50,65,85,55,5,0,Red,1,0,0.30,14.5
Crustle,Bug,Rock,475,70,95,125,45,5,0,Red,1,0,1.40,200.0
Scraggy,Dark,Fighting,348,50,75,70,48,5,0,Yellow,1,0,0.61,11.8
Scrafty,Dark,Fighting,488,65,90,115,58,5,0,Red,1,0,1.09,30.0
Sigilyph,Psychic,Flying,490,72,58,80,97,5,0,Black,1,0,1.40,14.0
Yamask,Ghost,,303,38,30,85,30,5,0,Black,1,0,0.51,1.5
Cofagrigus,Ghost,,483,58,50,145,30,5,0,Yellow,1,0,1.70,76.5
Tirtouga,Water,Rock,355,54,78,103,22,5,0,Blue,1,0,0.71,16.5
Carracosta,Water,Rock,495,74,108,133,32,5,0,Blue,1,0,1.19,81.0
Archen,Rock,Flying,401,55,112,45,70,5,0,Yellow,1,0,0.51,9.5
Archeops,Rock,Flying,567,75,140,65,110,5,0,Yellow,1,0,1.40,32.0
Trubbish,Poison,,329,50,50,62,65,5,0,Green,1,0,0.61,31.0
Garbodor,Poison,,474,80,95,82,75,5,0,Green,1,0,1.91,107.3
Zorua,Dark,,330,40,65,40,65,5,0,Grey,1,0,0.71,12.5
Zoroark,Dark,,510,60,105,60,105,5,0,Grey,1,0,1.60,81.1
Minccino,Normal,,300,55,50,40,75,5,0,Grey,1,0,0.41,5.8
Cinccino,Normal,,470,75,95,60,115,5,0,Grey,1,0,0.51,7.5
Gothita,Psychic,,290,45,30,50,45,5,0,Purple,1,0,0.41,5.8
Gothorita,Psychic,,390,60,45,70,55,5,0,Purple,1,0,0.71,18.0
Gothitelle,Psychic,,490,70,55,95,65,5,0,Purple,1,0,1.50,44.0
Solosis,Psychic,,290,45,30,40,20,5,0,Green,1,0,0.30,1.0
Duosion,Psychic,,370,65,40,50,30,5,0,Green,1,0,0.61,8.0
Reuniclus,Psychic,,490,110,65,75,30,5,0,Green,1,0,0.99,20.1
Ducklett,Water,Flying,305,62,44,50,55,5,0,Blue,1,0,0.51,5.5
Swanna,Water,Flying,473,75,87,63,98,5,0,White,1,0,1.30,24.2
Vanillite,Ice,,305,36,50,50,44,5,0,White,1,0,0.41,5.7
Vanillish,Ice,,395,51,65,65,59,5,0,White,1,0,1.09,41.0
Vanilluxe,Ice,,535,71,95,85,79,5,0,White,1,0,1.30,57.5
Deerling,Normal,Grass,335,60,60,50,75,5,0,Yellow,1,0,0.61,19.5
Sawsbuck,Normal,Grass,475,80,100,70,95,5,0,Brown,1,0,1.91,92.5
Emolga,Electric,Flying,428,55,75,60,103,5,0,White,1,0,0.41,5.0
Karrablast,Bug,,315,50,75,45,60,5,0,Blue,1,0,0.51,5.9
Escavalier,Bug,Steel,495,70,135,105,20,5,0,Grey,1,0,0.99,33.0
Foongus,Grass,Poison,294,69,55,45,15,5,0,White,1,0,0.20,1.0
Amoonguss,Grass,Poison,464,114,85,70,30,5,0,Grey,1,0,0.61,10.5
Frillish,Water,Ghost,335,55,40,50,40,5,0,White,1,0,1.19,33.0
Jellicent,Water,Ghost,480,100,60,70,60,5,0,White,1,0,2.21,135.0
Alomomola,Water,,470,165,75,80,65,5,0,Pink,1,0,1.19,31.6
Joltik,Bug,Electric,319,50,47,50,65,5,0,Yellow,1,0,0.10,0.6
Galvantula,Bug,Electric,472,70,77,60,108,5,0,Yellow,1,0,0.79,14.3
Ferroseed,Grass,Steel,305,44,50,91,10,5,0,Grey,1,0,0.61,18.8
Ferrothorn,Grass,Steel,489,74,94,131,20,5,0,Grey,1,0,0.99,110.0
Klink,Steel,,300,40,55,70,30,5,0,Grey,0,0,0.30,21.0
Klang,Steel,,440,60,80,95,50,5,0,Grey,0,0,0.61,51.0
Klinklang,Steel,,520,60,100,115,90,5,0,Grey,0,0,0.61,81.0
Tynamo,Electric,,275,35,55,40,60,5,0,White,1,0,0.20,0.3
Eelektrik,Electric,,405,65,85,70,40,5,0,Blue,1,0,1.19,22.0
Eelektross,Electric,,515,85,115,80,50,5,0,Blue,1,0,2.11,80.5
Elgyem,Psychic,,335,55,55,55,30,5,0,Grey,1,0,0.51,9.0
Beheeyem,Psychic,,485,75,75,75,40,5,0,Brown,1,0,0.99,34.5
Litwick,Ghost,Fire,275,50,30,55,20,5,0,White,1,0,0.30,3.1
Lampent,Ghost,Fire,370,60,40,60,55,5,0,Black,1,0,0.61,13.0
Chandelure,Ghost,Fire,520,60,55,90,80,5,0,Black,1,0,0.99,34.3
Axew,Dragon,,320,46,87,60,57,5,0,Green,1,0,0.61,18.0
Fraxure,Dragon,,410,66,117,70,67,5,0,Green,1,0,0.99,36.0
Haxorus,Dragon,,540,76,147,90,97,5,0,Yellow,1,0,1.80,105.5
Cubchoo,Ice,,305,55,70,40,40,5,0,Blue,1,0,0.51,8.5
Beartic,Ice,,485,95,110,80,50,5,0,White,1,0,2.59,260.0
Cryogonal,Ice,,485,70,50,30,105,5,0,Blue,0,0,1.09,148.0
Shelmet,Bug,,305,50,40,85,25,5,0,Red,1,0,0.41,7.7
Accelgor,Bug,,495,80,70,40,145,5,0,Red,1,0,0.79,25.3
Stunfisk,Ground,Electric,471,109,66,84,32,5,0,Brown,1,0,0.71,11.0
Mienfoo,Fighting,,350,45,85,50,65,5,0,Yellow,1,0,0.89,20.0
Mienshao,Fighting,,510,65,125,60,105,5,0,Purple,1,0,1.40,35.5
Druddigon,Dragon,,485,77,120,90,48,5,0,Red,1,0,1.60,139.0
Golett,Ground,Ghost,303,59,74,50,35,5,0,Green,0,0,0.99,92.0
Golurk,Ground,Ghost,483,89,124,80,55,5,0,Green,0,0,2.79,330.0
Pawniard,Dark,Steel,340,45,85,70,60,5,0,Red,1,0,0.51,10.2
Bisharp,Dark,Steel,490,65,125,100,70,5,0,Red,1,0,1.60,70.0
Bouffalant,Normal,,490,95,110,95,55,5,0,Brown,1,0,1.60,94.6
Rufflet,Normal,Flying,350,70,83,50,60,5,0,White,1,0,0.51,10.5
Braviary,Normal,Flying,510,100,123,75,80,5,0,Red,1,0,1.50,41.0
Vullaby,Dark,Flying,370,70,55,75,60,5,0,Brown,1,0,0.51,9.0
Mandibuzz,Dark,Flying,510,110,65,105,80,5,0,Brown,1,0,1.19,39.5
Heatmor,Fire,,484,85,97,66,65,5,0,Red,1,0,1.40,58.0
Durant,Bug,Steel,484,58,109,112,109,5,0,Grey,1,0,0.30,33.0
Deino,Dark,Dragon,300,52,65,50,38,5,0,Blue,1,0,0.79,17.3
Zweilous,Dark,Dragon,420,72,85,70,58,5,0,Blue,1,0,1.40,50.0
Hydreigon,Dark,Dragon,600,92,105,90,98,5,0,Blue,1,0,1.80,160.0
Larvesta,Bug,Fire,360,55,85,55,60,5,0,White,1,0,1.09,28.8
Volcarona,Bug,Fire,550,85,60,65,100,5,0,White,1,0,1.60,46.0
Cobalion,Steel,Fighting,580,91,90,129,108,5,1,Blue,0,0,2.11,250.0
Terrakion,Rock,Fighting,580,91,129,90,108,5,1,Grey,0,0,1.91,260.0
Virizion,Grass,Fighting,580,91,90,72,108,5,1,Green,0,0,2.01,200.0
Tornadus,Flying,,580,79,115,70,111,5,1,Green,1,0,1.50,63.0
Thundurus,Electric,Flying,580,79,115,70,111,5,1,Blue,1,0,1.50,61.0
Reshiram,Dragon,Fire,680,100,120,100,90,5,1,White,0,0,3.20,330.0
Zekrom,Dragon,Electric,680,100,150,120,90,5,1,Black,0,0,2.90,345.0
Landorus,Ground,Flying,600,89,125,90,101,5,1,Brown,1,0,1.50,68.0
Kyurem,Dragon,Ice,660,125,130,90,95,5,1,Grey,0,0,3.00,325.0
Keldeo,Water,Fighting,580,91,72,90,108,5,0,Yellow,0,0,1.40,48.5
Meloetta,Normal,Psychic,600,100,77,77,90,5,0,White,0,0,0.61,6.5
Genesect,Bug,Steel,600,71,120,95,99,5,0,Purple,0,0,1.50,82.5
Chespin,Grass,,313,56,61,65,38,6,0,Green,1,0,0.41,9.0
Quilladin,Grass,,405,61,78,95,57,6,0,Green,1,0,0.71,29.0
Chesnaught,Grass,Fighting,530,88,107,122,64,6,0,Green,1,0,1.60,90.0
Fennekin,Fire,,307,40,45,40,60,6,0,Red,1,0,0.41,9.4
Braixen,Fire,,409,59,59,58,73,6,0,Red,1,0,0.99,14.5
Delphox,Fire,Psychic,534,75,69,72,104,6,0,Red,1,0,1.50,39.0
Froakie,Water,,314,41,56,40,71,6,0,Blue,1,0,0.30,7.0
Frogadier,Water,,405,54,63,52,97,6,0,Blue,1,0,0.61,10.9
Greninja,Water,Dark,530,72,95,67,122,6,0,Blue,1,0,1.50,40.0
Bunnelby,Normal,,237,38,36,38,57,6,0,Brown,1,0,0.41,5.0
Diggersby,Normal,Ground,423,85,56,77,78,6,0,Brown,1,0,0.99,42.4
Fletchling,Normal,Flying,278,45,50,43,62,6,0,Red,1,0,0.30,1.7
Fletchinder,Fire,Flying,382,62,73,55,84,6,0,Red,1,0,0.71,16.0
Talonflame,Fire,Flying,499,78,81,71,126,6,0,Red,1,0,1.19,24.5
Scatterbug,Bug,,200,38,35,40,35,6,0,Black,1,0,0.30,2.5
Spewpa,Bug,,213,45,22,60,29,6,0,Black,1,0,0.30,8.4
Vivillon,Bug,Flying,411,80,52,50,89,6,0,Black,1,0,1.19,17.0
Litleo,Fire,Normal,369,62,50,58,72,6,0,Brown,1,0,0.61,13.5
Pyroar,Fire,Normal,507,86,68,72,106,6,0,Brown,1,0,1.50,81.5
Flabébé,Fairy,,303,44,38,39,42,6,0,White,1,0,0.10,0.1
Floette,Fairy,,371,54,45,47,52,6,0,White,1,0,0.20,0.9
Florges,Fairy,,552,78,65,68,75,6,0,White,1,0,1.09,10.0
Skiddo,Grass,,350,66,65,48,52,6,0,Brown,1,0,0.89,31.0
Gogoat,Grass,,531,123,100,62,68,6,0,Brown,1,0,1.70,91.0
Pancham,Fighting,,348,67,82,62,43,6,0,White,1,0,0.61,8.0
Pangoro,Fighting,Dark,495,95,124,78,58,6,0,White,1,0,2.11,136.0
Furfrou,Normal,,472,75,80,60,102,6,0,White,1,0,1.19,28.0
Espurr,Psychic,,355,62,48,54,68,6,0,Grey,1,0,0.30,3.5
Meowstic,Psychic,,466,74,48,76,104,6,0,White,1,0,0.61,8.5
Honedge,Steel,Ghost,325,45,80,100,28,6,0,Brown,1,0,0.79,2.0
Doublade,Steel,Ghost,448,59,110,150,35,6,0,Brown,1,0,0.84,4.5
Aegislash,Steel,Ghost,520,60,50,150,60,6,0,Brown,1,0,1.70,53.0
Spritzee,Fairy,,341,78,52,60,23,6,0,Pink,1,0,0.20,0.5
Aromatisse,Fairy,,462,101,72,72,29,6,0,Pink,1,0,0.79,15.5
Swirlix,Fairy,,341,62,48,66,49,6,0,White,1,0,0.41,3.5
Slurpuff,Fairy,,480,82,80,86,72,6,0,White,1,0,0.79,5.0
Inkay,Dark,Psychic,288,53,54,53,45,6,0,Blue,1,0,0.41,3.5
Malamar,Dark,Psychic,482,86,92,88,73,6,0,Blue,1,0,1.50,47.0
Binacle,Rock,Water,306,42,52,67,50,6,0,Brown,1,0,0.51,31.0
Barbaracle,Rock,Water,500,72,105,115,68,6,0,Brown,1,0,1.30,96.0
Skrelp,Poison,Water,320,50,60,60,30,6,0,Brown,1,0,0.51,7.3
Dragalge,Poison,Dragon,494,65,75,90,44,6,0,Brown,1,0,1.80,81.5
Clauncher,Water,,330,50,53,62,44,6,0,Blue,1,0,0.51,8.3
Clawitzer,Water,,500,71,73,88,59,6,0,Blue,1,0,1.30,35.3
Helioptile,Electric,Normal,289,44,38,33,70,6,0,Yellow,1,0,0.51,6.0
Heliolisk,Electric,Normal,481,62,55,52,109,6,0,Yellow,1,0,0.99,21.0
Tyrunt,Rock,Dragon,362,58,89,77,48,6,0,Brown,1,0,0.79,26.0
Tyrantrum,Rock,Dragon,521,82,121,119,71,6,0,Red,1,0,2.49,270.0
Amaura,Rock,Ice,362,77,59,50,46,6,0,Blue,1,0,1.30,25.2
Aurorus,Rock,Ice,521,123,77,72,58,6,0,Blue,1,0,2.69,225.0
Sylveon,Fairy,,525,95,65,65,60,6,0,Pink,1,0,0.99,23.5
Hawlucha,Fighting,Flying,500,78,92,75,118,6,0,Green,1,0,0.79,21.5
Dedenne,Electric,Fairy,431,67,58,57,101,6,0,Yellow,1,0,0.20,2.2
Carbink,Rock,Fairy,500,50,50,150,50,6,0,Grey,0,0,0.30,5.7
Goomy,Dragon,,300,45,50,35,40,6,0,Purple,1,0,0.30,2.8
Sliggoo,Dragon,,452,68,75,53,60,6,0,Purple,1,0,0.79,17.5
Goodra,Dragon,,600,90,100,70,80,6,0,Purple,1,0,2.01,150.5
Klefki,Steel,Fairy,470,57,80,91,75,6,0,Grey,1,0,0.20,3.0
Phantump,Ghost,Grass,309,43,70,48,38,6,0,Brown,1,0,0.41,7.0
Trevenant,Ghost,Grass,474,85,110,76,56,6,0,Brown,1,0,1.50,71.0
Pumpkaboo,Ghost,Grass,335,49,66,70,51,6,0,Brown,1,0,0.41,5.0
Gourgeist,Ghost,Grass,494,65,90,122,84,6,0,Brown,1,0,1.70,39.0
Bergmite,Ice,,304,55,69,85,28,6,0,Blue,1,0,0.99,99.5
Avalugg,Ice,,514,95,117,184,28,6,0,Blue,1,0,2.01,505.0
Noibat,Flying,Dragon,245,40,30,35,55,6,0,Purple,1,0,0.51,8.0
Noivern,Flying,Dragon,535,85,70,80,123,6,0,Purple,1,0,1.50,85.0
Xerneas,Fairy,,680,126,131,95,99,6,1,Blue,0,0,3.00,215.0
Yveltal,Dark,Flying,680,126,131,95,99,6,1,Red,0,0,5.79,203.0
Zygarde,Dragon,Ground,600,108,100,121,95,6,1,Green,0,0,5.0,305.0
Diancie,Rock,Fairy,600,50,100,150,50,6,1,Pink,0,1,0.71,8.8
Hoopa,Psychic,Ghost,600,80,110,60,70,6,1,Purple,0,0,0.51,9.0
Volcanion,Fire,Water,600,80,110,120,70,6,1,Brown,0,0,1.70,195.0
